,avg_capacity,avg_radius,avg_dimension,center_correlation,K
epoch2_layers.0,0.03603168636097932,1.2855122770923457,43.41468185141362,0.24154504993025844,17.0
epoch2_layers.1,0.033309602672485034,1.2411533991641677,47.99412087740602,0.23689421054723636,15.0
epoch2_layers.2,0.03368276692266761,1.2676553575348355,47.036010649350914,0.23625353902275092,16.0
epoch2_layers.3,0.02851548608463307,1.1482343087089928,59.47859023318934,0.22874587603347596,15.0
epoch2_layers.4,0.0332784098480441,1.2600093506644938,47.929685410360435,0.24444495385493756,15.0
epoch2_layers.5,0.03190098598050042,1.3401350764518474,47.89589730343408,0.25008757218070654,15.0
epoch2_layers.6,0.0494030227033317,1.947145889428114,25.876356794650718,0.2625930320323341,17.0
