,avg_capacity,avg_radius,avg_dimension,center_correlation,K
epoch1000_layers.0,0.0362253209361733,1.2847576385175825,43.274217250508315,0.24668727595975948,16.0
epoch1000_layers.1,0.03342713483309559,1.2603739838416637,47.59320410307555,0.23435399622745143,15.0
epoch1000_layers.2,0.03406327085533135,1.2747435986618179,46.21365224661948,0.23422814297742253,15.0
epoch1000_layers.3,0.02829015054610818,1.150327025890777,60.57303828111702,0.2192243351967218,14.0
epoch1000_layers.4,0.03180941288793065,1.2683787236963537,49.791503010334836,0.24648892581738552,15.0
epoch1000_layers.5,0.030333021383620585,1.355628353851976,49.768453076087496,0.24341751931443686,13.0
epoch1000_layers.6,0.04645911161492726,2.0452640830627593,26.98495908140012,0.26134700581059206,16.0
