,avg_capacity,avg_radius,avg_dimension,center_correlation,K
epoch4000_layers.6,0.16869973965155197,1.4664345429316454,8.126916172555113,0.2854062626474329,15.0
epoch4000_layers.5,0.16946843832404318,1.3683593679433048,8.358562090964943,0.167645718188996,12.0
epoch4000_layers.4,0.06156121668294005,1.0773548862049793,28.26279290940924,0.32458882856766014,15.0
epoch4000_layers.0,0.04835496164330491,1.3289241498918223,31.51914784111587,0.25204352026841464,18.0
epoch4000_layers.1,0.06040116002381406,1.0977962205984455,28.94540350268305,0.21210822035712737,13.0
epoch4000_layers.3,0.04549136157602673,1.0216133921734394,39.924937538632996,0.20918310625921455,13.0
epoch4000_layers.2,0.06335595729889819,1.1056529057055164,27.4053051126271,0.22587490875780528,14.0
