,avg_capacity,avg_radius,avg_dimension,center_correlation,K
epoch100_layers.3,0.027505557669353246,1.164842219640568,61.26293762419669,0.21616712882494507,15.0
epoch100_layers.2,0.03524933024750296,1.271725789819915,44.35651750632662,0.22942638132552323,14.0
epoch100_layers.0,0.03670832125672864,1.2693142978606131,42.83928681849032,0.24158818671043883,16.0
epoch100_layers.1,0.03363636143084103,1.2842078319419512,46.497811585594164,0.2286436237966871,15.0
epoch100_layers.5,0.02872368689040018,1.4648202437249789,50.23609057668597,0.2237849204657146,14.0
epoch100_layers.4,0.030902000926277533,1.2955504720238171,50.56617905981723,0.2608022628064292,16.0
epoch100_layers.6,0.04582044354792995,2.160213112604112,26.91926751878706,0.24519894412002774,16.0
