,avg_capacity,avg_radius,avg_dimension,center_correlation,K
epoch500_layers.0,0.03798237218819719,1.274426704730023,41.38763116731263,0.25736221751055155,17.0
epoch500_layers.1,0.04175486591200817,1.193588619394171,39.57263637628003,0.23981331146833082,14.0
epoch500_layers.2,0.04324798659332799,1.1983396874763337,37.9824479417047,0.24277941679976583,14.0
epoch500_layers.3,0.03703148172490728,1.0811951635766304,48.72691550014836,0.23883525273184553,13.0
epoch500_layers.4,0.03737118119063944,1.221425133578342,43.157857752206155,0.26616169720419464,16.0
epoch500_layers.5,0.0414351886481709,1.1829030867095023,39.766141142767566,0.2529799949229591,15.0
epoch500_layers.6,0.06304480710239058,1.4740685866823189,22.82173020969613,0.27207126670364534,16.0
